hash,NF,ENTROPY,LA,LD,LT,FIX,NBR,RELATIVE_CHURN,RELATIVE_LT,is_buggy
667813de3cbdcd0d39459499ad283fd03937d89d,15,0.8306198380682307,2986,0,0,0,0,2986.0,0.0,1
68de4feaec69ab5ef7a504e5710ad0a07c35273d,1,0.0,46,46,831,0,0,0.11070998796630566,831.0,0
f284477cffeebc8d764bd4732fa98169d5d1d0ac,2,0.419921097375718,43,4,594,0,0,0.07912457912457913,297.0,0
87c4b1d59d78beba08ad92263543b11aa2a15a4e,13,0.8080603178100418,509,507,2994,0,0,0.3393453573814295,230.3076923076923,1
449641a01e51111fad2568edb72cf8a233dd3c13,2,1.0,4,2,1215,0,0,0.0049382716049382715,607.5,0
8a50d6538a1c2e6e9d7d1dad114c3417f9c1a626,1,0.0,1542,0,0,0,0,1542.0,0.0,0
a1fcffecb27c5c437f0f1d58cdbd6ed9ed266942,2,0.8904916402194913,29,10,1871,0,0,0.02084446819882416,935.5,0
12b75c4acc31ab8a3cfa84a5d9c3ca3f7104306c,2,0.16866093149667025,17,23,1890,0,0,0.021164021164021163,945.0,0
9a0471d5a100f6cfb253db52353a2595f5866582,1,0.0,7,11,832,0,0,0.021634615384615384,832.0,0
80e3312acd738f35147fe8fee991baf77e177fff,1,0.0,69,835,1547,0,0,0.5843568196509373,1547.0,0
dced076cd4db0bd86df36c7eb528df5f1543de7e,1,0.0,3,0,337,0,0,0.008902077151335312,337.0,0
f4cb14728f13629972a0ea76bb3dc0705a735fa8,3,0.6360148563742585,27,12,1994,0,0,0.019558676028084254,664.6666666666666,0
ce2f5ed80a2cfe665779a1304831061cf97c8526,1,0.0,0,6,781,0,0,0.007682458386683738,781.0,0
5a4fb657a8eca50e612b772611a2439ff23dab50,1,0.0,1,1,388,0,0,0.005154639175257732,388.0,0
e13de0b221c2f9d90baba3595dbc1d9c94721032,2,0.9988455359952018,17,8,1081,0,0,0.02312673450508788,540.5,0
294c16be1b8f66ecea6c09cefe202f06219fa0ae,1,0.0,257,257,311,0,0,1.652733118971061,311.0,0
90e62b0e1bd8be118f40a9bd0e660f44e224ed47,1,0.0,3,0,311,0,0,0.00964630225080386,311.0,0
3e3951f1259fe9ad7f385abd915a9dc9f32cfa71,1,0.0,13,5,779,0,0,0.023106546854942237,779.0,0
88f27f316811a3a6a47cca6e98e7255fc93529a2,2,0.5435644431995964,29,19,1627,0,0,0.029502151198524888,813.5,0
d34be7fa2132fbdcf3230308cb73c3e1c5c017dd,1,0.0,1,1,793,0,0,0.002522068095838588,793.0,0
df6190f3fc8302ec5cbd9497fabd2f26e1970605,1,0.0,2,2,793,0,0,0.005044136191677175,793.0,0
9bb970c6bc347513deca99e9f6f8f6df571fde72,1,0.0,5,5,150,0,0,0.06666666666666668,150.0,0
2a39f471970fda0e806e2d678e00ede53de500f3,3,0.4441541421704805,300,294,738,0,0,0.8048780487804879,246.0,0
806900e0d16ed0d53a3b6a084f5e0026e0034dbe,3,0.7131334959503042,131,132,2025,0,0,0.12987654320987654,675.0,0
6394d92279023dbfbd910ef9ee8895b1899860d5,1,0.0,32,32,391,0,0,0.1636828644501279,391.0,0
9420bb7e8bbaf36d3d364cb7bb11449e8c3bbeed,9,0.5733153351883951,406,406,2291,0,0,0.35443037974683544,254.55555555555557,0
48dccd91e78466a1943783fa914aebce50e2cab0,3,0.05722398895594623,4,797,1383,0,0,0.5791757049891539,461.0,0
a264baea0e02c2c1494847306a2d31a13002d331,1,0.0,1,1,315,0,0,0.006349206349206349,315.0,0
d98dc0b0b76dbc44fadbef885965e1e407ccefce,1,0.0,8,8,275,0,0,0.058181818181818175,275.0,0
9115ada84d75b9262695462b1f814552a907b3f8,2,0.8100566445342819,144,181,1231,0,0,0.2640129975629569,615.5,1
f9ef03207ece5b34b279dab80ee7b9ae81abbb42,1,0.0,2,1,315,0,0,0.009523809523809523,315.0,0
5b18f02eeedcdab344b34979372483050de13823,1,0.0,3,3,818,0,0,0.007334963325183373,818.0,0
d15e77697a237428b8338027db7b1f92fa8cee13,1,0.0,1,1,818,0,0,0.002444987775061125,818.0,0
7c14a3d8c2606838245ba60317c6b337d0e32076,1,0.0,5,3,818,0,0,0.0097799511002445,818.0,0
f803a5db3e5e5ecaa0e1df9923d23fe418b9ea0b,1,0.0,6,6,340,0,0,0.035294117647058816,340.0,0
71c7539dd36bc997032b0b8852fd1f7620c16248,1,0.0,5,1,820,0,0,0.007317073170731708,820.0,0
216a4299f3bb63c02f1378883c6c23b6c2d4deaa,1,0.0,3,3,376,0,0,0.015957446808510637,376.0,0
96fceff148e0459d4c8f05d6ddd2b226ccc78852,1,0.0,257,257,257,0,0,2.0,257.0,0
8200ac29945e433b2800c2763ec43f84b8833bb1,1,0.0,164,164,164,0,0,2.0,164.0,0
07d11da18d64a50976b5c37932af49fb120377bb,1,0.0,51,51,51,0,0,2.0,51.0,0
dd38c4181dcfadc7ee0db70757ccdcb5eca52a9f,1,0.0,4,4,4,0,0,2.0,4.0,0
50c3afb2166798c5de0896b90659d8a2b2f8fcec,1,0.0,12,0,824,0,0,0.014563106796116504,824.0,0
0759465bdf9b7dc1bc61883735b3fb61c488d3b5,1,0.0,15,15,15,0,0,2.0,15.0,0
ae8d12c5f4c139d310bf6fee39c35b215d2fec15,1,0.0,50,57,376,0,0,0.2845744680851064,376.0,0
b6767425393b26f1b2113f0aabd640910bf07b4c,1,0.0,4,0,0,0,0,4.0,0.0,0
b883a848a6af94db57e1b8223ab9b6d96707a9e7,1,0.0,0,3,369,0,0,0.008130081300813009,369.0,0
72cde1ff04f77c4cebbcb39b887555f25a748d99,1,0.0,0,4,4,0,0,1.0,4.0,0
a360c40b74201a092989998d85531a986c9e5146,1,0.0,0,1,366,0,0,0.00273224043715847,366.0,0
a73066f6bacd7c2fbb545dbbc2be3e569493b0b5,1,0.0,145,160,836,0,0,0.36483253588516745,836.0,0
327e9a56fd2a0d9c16ed5711b209c5e679f43303,1,0.0,191,0,0,0,0,191.0,0.0,0
0cdef7d816a6edc4c83124372847adf3f1b36567,13,0.8265256902431857,1520,0,0,0,0,1520.0,0.0,0
1f7056edc2835df2fdc9434edf77d3739d93e91d,1,0.0,45,0,0,0,0,45.0,0.0,0
34f327e6d070568256b314479be158589d391891,1,0.0,0,12,821,0,0,0.0146163215590743,821.0,0
4d86b05d3c6a72e88c476430d60676f9ae2fafab,1,0.0,11,24,340,0,0,0.10294117647058824,340.0,0
cdaaf12557f7086657d5a0c34e565b1773c9834a,1,0.0,3,1,365,0,0,0.010958904109589041,365.0,0
7ff3fa4e40cfd5b44570297080810aed5cce6086,2,1.0,58,4,1176,0,0,0.05272108843537415,588.0,0
b7a1aee4e161cce361c20a8f797329e63f1ba84e,3,0.8868595071429147,7,9,664,0,0,0.024096385542168683,221.33333333333331,0
48d31b7f5c8e43321e4b2143a8a795c366ace6d9,3,0.8649735207179271,15,5,662,0,0,0.03021148036253777,220.66666666666663,0
a9a07623834b6da2c2c3d47b440e002dedfd9e17,20,0.7790438395106474,416,345,3474,0,0,0.21905584340817505,173.7,0
1272d80a034976d4c571fa62ae9c7efbc5a6814d,1,0.0,2,1,243,0,0,0.012345679012345678,243.0,0
aab1017e66f9faf03f5c49e9f167d2be66488215,1,0.0,6,5,89,0,0,0.12359550561797752,89.0,0
8114b976ce7224ff3b89f3d7e53f4207b7dcdf4f,2,0.8671271388262167,0,374,374,0,0,1.0,187.0,0
9b6872b6e52e28b1b99aa328c2109436de58622f,12,0.8401251503356881,0,1338,1338,0,0,1.0,111.5,0
03192b01624e2e65145e4fd9803d48b962c0a2fd,1,0.0,44,0,0,0,0,44.0,0.0,0
5b56b5707418f7003260a0cf83475414beb7cda1,1,0.0,33,10,44,0,0,0.9772727272727272,44.0,0
6c5e25dcb95ff1ac7bfc04ecb664656bd6bd3048,1,0.0,14,2,67,0,0,0.2388059701492537,67.0,0
5fc0c4e1df60ea5565733bbde53707bb2ac95522,1,0.0,71,14,79,0,0,1.0759493670886076,79.0,0
a859e4f547588d214361776ce556bb41eacc5759,1,0.0,62,26,136,0,0,0.6470588235294118,136.0,0
4a5809910bc7a2bbe5892f9336eae0a609af9912,1,0.0,54,25,172,0,0,0.4593023255813953,172.0,0
df68a7b593a9fad6b5cc0dec27226b1c5deaa6cc,3,0.9836953470468072,39,0,0,0,0,39.0,0.0,0
b557180bcaf2a66eab5a4ae55db6893623f25ab5,1,0.0,44,8,16,0,0,3.25,16.0,0
ab08db4ad666fa1cca7ed8e701a0ea7bff382fb8,1,0.0,134,30,52,0,0,3.1538461538461537,52.0,0
e899a2970d1fc5df19008f96537740c7e45cceb1,2,0.2761954276479391,62,1,10,0,0,6.3,5.0,0
b5b4961a9dfd8b9077866dd54504697b5425d7c2,1,0.0,30,31,201,0,0,0.3034825870646766,201.0,0
441a00afc92ec9655f512f40f9b05ce83c634267,1,0.0,24,38,200,0,0,0.31,200.0,0
68e01afd7ea94a66432637c864fda2c032d0c8d2,1,0.0,26,0,0,0,0,26.0,0.0,0
30c31db095a2f5d4515ec971f7c736fe4c204dc4,1,0.0,59,44,186,0,0,0.553763440860215,186.0,0
964cb540fb4af3905e60199fc7ec8329cec923bf,1,0.0,49,132,201,0,0,0.9004975124378108,201.0,0
4fbe651e57570b7841c16624d9b8831a7703d027,4,0.7919159895216145,129,47,155,0,0,1.135483870967742,38.75,0
4c6da0e6f9bad5dcdec60df7e3aa176b8edae988,1,0.0,21,5,72,0,0,0.3611111111111111,72.0,0
2df27fc6e76b71aa2ddbb6174b3f9ae03183a1dc,1,0.0,37,23,88,0,0,0.6818181818181818,88.0,0
a18e9f7a259ba0bceba9bb4f8158b0313e58f1b2,1,0.0,19,4,102,0,0,0.22549019607843135,102.0,0
89f359e4f80ab4d62627fed635a1c2849a253025,2,0.7863157502276659,198,49,175,0,0,1.4114285714285717,87.5,0
bc07b5196b5a90cd0bfdbf62f669683ef5b96790,2,0.0888796956845758,266,1,12,0,0,22.25,6.0,0
ef7e0c7d08662739cddf9ef9ad977043855f5969,2,0.5937911148531525,178,170,324,0,0,1.0740740740740742,162.0,0
9a6215c3bef6f47103d1d757a124dad0ddc0e4ce,1,0.0,90,29,286,0,0,0.4160839160839161,286.0,0
de13c7de86b3dd604246bac4e3c3b53310e28c90,1,0.0,103,138,347,0,0,0.6945244956772334,347.0,0
e80ded6ebe6c74fe6bf9ec2ab7c0435edd6d92e8,1,0.0,2,2,312,0,0,0.01282051282051282,312.0,0
3406acd0aa2bc6a5e355b5b5da4ce2109b042dcc,1,0.0,75,133,156,0,0,1.3333333333333333,156.0,0
519c21c8b06b603b3129928d70ada198fe09df95,1,0.0,90,0,0,0,0,90.0,0.0,0
970e7a45a9bdb409d77753e77103a3597ce7cf25,1,0.0,1,0,13,0,0,0.07692307692307693,13.0,0
f7b51414b8c013e12f08f53e45d0dcad3c369a35,1,0.0,1,2,90,0,0,0.03333333333333333,90.0,0
400bbd7fbf17c66c572ab175d9c04eab28d73ddc,1,0.0,126,0,0,0,0,126.0,0.0,0
76cb83643d5db55311ebc8fe7ab29c318f0f2954,1,0.0,2,1,14,0,0,0.21428571428571427,14.0,0
2db11cd4db8139e9a1ee2fd766ab0609377a6ef7,1,0.0,2,1,15,0,0,0.2,15.0,0
b2e0a77ae06573f53d383743f7c39a6718362fb8,1,0.0,0,2,126,0,0,0.015873015873015872,126.0,0
8168e6f52a52843cf7b4547b090dc21dc9abefd8,1,0.0,207,0,0,0,0,207.0,0.0,0
22d5fd3aed9cc452d305bed5cd4154025b2195e3,4,0.5535268641809801,198,1,16,0,0,12.4375,4.0,0
a9bce1d6b28a18ddbba35c660933914cde310f7f,1,0.0,13,0,148,0,0,0.08783783783783784,148.0,0
bef37079dcf3842185977c21f492da6cd54ce957,2,0.6145715612236267,74,5,207,0,0,0.38164251207729466,103.5,0
2784c614d4bd6ee8c5810417c3de39d39ddda8da,1,0.0,36,1,218,0,0,0.16972477064220184,218.0,1
dcaf5fa23a43504a0ae2894dd4b3f43bcee48928,1,0.0,53,6,253,0,0,0.233201581027668,253.0,0
c4d9a9c5f9f8c88b1f0a4b123c7f2bbf81cd0ca9,1,0.0,490,2,300,0,0,1.64,300.0,0
6a2c974581fca0d889fc5b9799ea7d9e7c2395c5,1,0.0,0,35,788,0,0,0.044416243654822336,788.0,0
76c30539ccb0583f81548a837b6ca6ab8e7120fd,1,0.0,383,0,0,0,0,383.0,0.0,0
d75a96ae59c723fbac857443b750b32cb8856006,1,0.0,12,0,383,0,0,0.031331592689295036,383.0,0
9df929963f83c209a36a64c776a679371855cc67,1,0.0,4,0,58,0,0,0.06896551724137931,58.0,0
f0d175c5b2005b9061287f843af03c7d24e2000c,1,0.0,2,1,17,0,0,0.17647058823529413,17.0,0
35a4fefd2ebef1f14b1b251bf5d5332ba9ddc8ca,1,0.0,174,98,312,0,0,0.8717948717948718,312.0,0
d6ba31819c48db39be068c8b3b1fa985df09ea65,1,0.0,2,0,316,1,0,0.006329113924050633,316.0,0
5acbee2719293d6ae3bd75bbb8f53d6f2180ee68,1,0.0,50,26,95,0,0,0.8,95.0,0
30c86811c037ffa9adec44ed6015d442752348c8,1,0.0,13,0,58,0,0,0.2241379310344828,58.0,0
9bca907208631de2e13d009a82aa6126d02d2e7a,1,0.0,2,1,17,0,0,0.17647058823529413,17.0,0
da2e548f56087cb29a4d86777ab2dfb71a257b6a,1,0.0,57,35,98,0,0,0.9387755102040816,98.0,0
912350ec7526c848f022cb4fb1d48e262fe3ad7f,1,0.0,58,28,89,0,0,0.9662921348314608,89.0,0
a851bf095196aab53b7406a55f2f7c0125413a60,2,0.3372900666170139,22,10,887,0,0,0.03607666290868095,443.5,0
6195bd248b50d8691f8b2e7c80a88464ad2f4b88,1,0.0,42,0,753,0,0,0.055776892430278883,753.0,1
95b8cd5b0393922c64fd0ff30f3c1a93568f46cf,1,0.0,833,795,795,0,0,2.0477987421383648,795.0,0
49d4985828402069f26aad240f5a901d51e6e2b0,1,0.0,27,7,35,0,0,0.9714285714285714,35.0,0
fcb8048038a31bc9683d777d36c0ef3c114a44fd,1,0.0,16,1,833,0,0,0.020408163265306117,833.0,0
0a995318e7faad8835d11ad73f47004bcbff3d64,1,0.0,0,55,55,0,0,1.0,55.0,0
f2ef541c2d62441d1b90febedf15209ec6053bc4,1,0.0,67,18,848,0,0,0.10023584905660378,848.0,1
327c0e177eb0d593d49063a656c840f25d8c4693,1,0.0,84,0,897,0,0,0.09364548494983277,897.0,1
60e84bff922ab6022a3cfbd9e5ddb0c420efe6b0,1,0.0,46,40,981,1,0,0.08766564729867482,981.0,0
88756c04908d5137bf570e2c399587e222169f92,1,0.0,29,1,987,0,0,0.030395136778115506,987.0,0
fa79826f0c429cdfc3d060697c6790b7d4b31ee6,1,0.0,7,7,1015,0,0,0.013793103448275862,1015.0,0
32ea7e0ba3f66fc542f0cbd66588cc3f4f2542df,1,0.0,1,1,1015,0,0,0.0019704433497536944,1015.0,0
6b03f1bbe745a8574ca8ca3d71b02e05c3b5a151,5,0.7548643797689835,98,1,18,0,0,5.5,3.6,0
d2cd1a8df5cd6392650f455a5df844ec55c3e1dc,1,0.0,5,1,390,0,0,0.015384615384615384,390.0,0
969e2d4fd52a503d8f4a7fe81b8758c13a9180e4,1,0.0,33,4,395,0,0,0.09367088607594937,395.0,0
9cf532828d11a00bf60e082cade9e12d2e573cd9,1,0.0,122,21,55,0,0,2.6,55.0,0
56aa2f86079738f0945abb5728d0954a2b9904bc,1,0.0,22,34,1015,0,0,0.05517241379310345,1015.0,1
0640856462f25623487435dac728d42ca12a09d6,1,0.0,18,0,1003,0,0,0.01794616151545364,1003.0,0
c5173e7cc3a7b6b8d736563e10f4fc94df6ce7d7,1,0.0,46,0,1021,0,0,0.04505386875612145,1021.0,0
8bc62cc34c071a73c339a878b116bcb1f80d69d2,1,0.0,37,0,854,0,0,0.043325526932084316,854.0,0
5d6bf7d132e3ac0a9096dd60b5408f826f59b518,1,0.0,37,0,854,0,0,0.043325526932084316,854.0,0
a76d7262d11e34c9adb403d76c98db21e0c83bb6,1,0.0,2,1,891,0,0,0.0033670033670033673,891.0,0
6c48db010f06c63b13c99d92a2932e9379155047,1,0.0,63,8,1067,0,0,0.06654170571696345,1067.0,0
6ab6f063c82e1604f2a5af59d4f4a072165ab55b,1,0.0,19,0,394,0,0,0.04822335025380711,394.0,0
410afaff145ba59c4979c0492e2d244ac6e6dfe4,1,0.0,14,0,413,0,0,0.03389830508474576,413.0,0
355e8323377c1a9104fc8e122573d57f617dbe2e,1,0.0,30,14,1122,0,0,0.0392156862745098,1122.0,1
6cca29202034a9c9fa518b6ac9feffffae00c6e2,1,0.0,35,0,1138,0,0,0.030755711775043937,1138.0,0
0056b1af94e4e3a128280d70d8c185377c601e96,1,0.0,0,2,1173,0,0,0.0017050298380221654,1173.0,0
16fa69c0f60d13c371aa0fd42d4bd493b503ff61,1,0.0,8,4,1171,0,0,0.010247651579846286,1171.0,0
5eadebb797c761d58ebf73d337566cd3745995e8,1,0.0,10,0,264,0,0,0.03787878787878788,264.0,0
2c026eb5f8fdf10285cb4505d95b6dce0d99143d,1,0.0,1,1,274,0,0,0.007299270072992701,274.0,0
f48b6439f682f9941a3bf0516a3ece472bf2f696,1,0.0,10,0,274,0,0,0.0364963503649635,274.0,0
b9c6f335ee832e1db56a3db4a84657323b82fc2f,1,0.0,1,1,284,0,0,0.007042253521126761,284.0,0
b39c3df766875d58abcfeb27c49489e4c051e081,1,0.0,52,2,284,0,0,0.19014084507042253,284.0,0
0361cc58d696ce6cb7d94c0824c56945c1283e3e,1,0.0,18,7,334,0,0,0.0748502994011976,334.0,0
4e38ed01e57c3061890c6d1ed1a5c9b38bf79d8d,1,0.0,29,0,156,0,0,0.1858974358974359,156.0,0
ca3001629a398267fd312ee588cf7408bfe177ef,2,1.0,56,0,1319,0,0,0.042456406368460965,659.5,0
8ac8c34e9f75f5737d55b5d98668f16c0ff0fcdc,1,0.0,22,0,185,0,0,0.11891891891891893,185.0,0
1f4e8368631660b368c0c353ed038fffd027cb66,1,0.0,4,0,207,0,0,0.01932367149758454,207.0,0
f69466f4c215b58bafddac537f7064cf90310679,1,0.0,25,1,345,0,0,0.07536231884057971,345.0,0
ee0a53d4948503fcbbd206013db9fd4919fc9c6b,1,0.0,27,6,119,0,0,0.2773109243697479,119.0,0
a0108f3e8e9e2d3bf1bac7dabdd6226b34c718d1,1,0.0,11,5,119,0,0,0.13445378151260504,119.0,0
f66cc8d5c4fea0deb96fe06c4eca6bc61673af35,1,0.0,27,6,120,0,0,0.275,120.0,0
6f5bcb32e58064a8ef6fc81c15eb346c337024b9,1,0.0,10,3,124,0,0,0.10483870967741936,124.0,0
4a3bbedc3237c98beda74f33fd66c4a3797ad5f4,1,0.0,52,26,424,0,0,0.18396226415094336,424.0,0
8e48caeb3d056749f373aa2cfd6aaf3bea70691c,1,0.0,117,33,388,0,0,0.3865979381443299,388.0,0
58d72fe20f2759679f931c2ae03340a15d171606,2,0.9684610087601622,250,134,1382,0,0,0.2778581765557164,691.0,0
1f6e07c91445f4abeae07fed982cfe727918b739,1,0.0,78,14,369,0,0,0.24932249322493225,369.0,0
0afd26623c0fa44c3c36d3b70323fa97c248106a,2,0.9182958340544896,7,5,1375,0,0,0.008727272727272728,687.5,0
409eb9f2922dcdc35013ebbbbfd3e3b05ea79259,2,0.8767162889994641,13,14,1377,0,0,0.0196078431372549,688.5,0
25b5aa7ef265c7a6335f9b6de32056d3a7d63447,2,0.9383153522334068,13,18,1376,0,0,0.02252906976744186,688.0,0
4e77383472c055b08c919356fed276e2d78cceb3,1,0.0,4,10,16,0,0,0.875,16.0,0
ceba8e8c3dee59191330ca4c912c0512452ebfde,1,0.0,6,6,323,0,0,0.037151702786377715,323.0,0
4b0db65877c18132d6b45b0a147ac5ba0c912fd4,1,0.0,11,6,433,0,0,0.03926096997690531,433.0,0
cb63a968fa68ac39f94dfffb0962d91ed1d28862,1,0.0,2,1,438,0,0,0.00684931506849315,438.0,0
e239e1967ac8230cd23ea7906c6d6b90f489d601,1,0.0,3,0,10,0,0,0.3,10.0,0
1b06a802cf134bd781d2bf3f4ce4e01bff92a612,1,0.0,1,1,13,0,0,0.15384615384615385,13.0,0
5ddc515679feb438e67c6fff8540f2e96a6843dc,1,0.0,0,6,917,0,0,0.006543075245365322,917.0,0
637c1fe2b952699f68e502aec4f860e36543abf0,1,0.0,1,1,323,0,0,0.006191950464396285,323.0,0
4a2f9b8cd395cf60582ec44fe0ebd66c3ba26769,2,0.9474351361840306,215,31,1697,0,0,0.14496169711255155,848.5,1
e7f4eb5f67048642e24634db8ec8c7e6f29c0c22,1,0.0,3,3,13,0,0,0.4615384615384616,13.0,0
91c6f09be82b81f5a6d553f83b711d4cdba42ec5,1,0.0,2,0,323,0,0,0.006191950464396285,323.0,0
7886c96204c93c7cd4e9a9258b1bd40773fe11e9,1,0.0,10,14,325,0,0,0.07384615384615385,325.0,0
105426b53f7f4f74fefa26e4d1321b633cc19628,1,0.0,43,42,321,0,0,0.264797507788162,321.0,1
3850b5fd25968142e700058b6d11872e148ab63b,1,0.0,48,0,439,0,0,0.10933940774487473,439.0,0
38cbc31624ed6dbce05e5c2710203dc906d99a8a,2,0.9743359543056356,173,162,1881,1,0,0.17809675704412548,940.5,0
8688494876025633f16951410365a58d2e38a1d3,2,1.0,2,2,1365,0,0,0.0029304029304029304,682.5,0
c6204a9f016c85212eb85a4979fc2fa280e90f78,1,0.0,366,224,1358,0,0,0.4344624447717231,1358.0,0
a5390a068563e095f6a71452407f4ffd8cde5cd6,1,0.0,91,96,534,0,0,0.350187265917603,534.0,0
d329b6514c706cdb4502df609128922b9962c7b0,1,0.0,74,58,211,0,0,0.6255924170616114,211.0,0
7187006bae9135275b2cef6b3dd1213d0c4df395,1,0.0,62,46,125,0,0,0.8640000000000001,125.0,0
48c872f66f4889754da36b209f1e8ade894744ab,1,0.0,46,57,251,0,0,0.4103585657370518,251.0,0
abe421e6bbf3fa48833e885f408bdb550b0605d0,4,0.6001092654546605,187,399,2397,0,0,0.24447225698790154,599.25,1
7f83a5171837818856e21b610dc192549eb5d306,5,0.8472380837602078,34,26,1500,0,0,0.04,300.0,0
fc318a765c02bb886f0fe12e1fce6f40e2dec751,2,0.2351933818192415,44,8,1430,1,0,0.03636363636363636,715.0,0
c88d06eede9a50b2eb0ab8b705abc980b448207c,2,0.7219280948873623,3,17,543,0,0,0.03683241252302026,271.5,0
871a3e46d77bf6ec51cf3ae8654133ff4aca3597,1,0.0,31,31,240,0,0,0.25833333333333336,240.0,0
280ce7128586d6418b2319a491cdec4d5e9327b9,1,0.0,36,36,487,0,0,0.14784394250513347,487.0,0
07b2d65e30c4a7ffa789360c2f13e5eb5e417339,1,0.0,7,6,911,0,0,0.014270032930845226,911.0,0
39b1c0cb6682310aef7f7579836eb9561e3ad275,1,0.0,1,1,912,0,0,0.0021929824561403508,912.0,0
3007fc8ebe591b93caa9f6ab6b46e8677058a7a8,3,0.6610208128789126,7,37,1552,0,0,0.028350515463917526,517.3333333333334,0
c2b3f2bdb164dc884efc5903ce807f7698f5dd94,1,0.0,3,0,293,0,0,0.010238907849829351,293.0,0
60349ece54204f7ee261b3e6fd2b058733dce388,2,1.0,6,2,1365,0,0,0.005860805860805861,682.5,0
f024b52108ee75b5eb1a14584e034e268b26637e,2,0.997294381646235,36,13,1369,0,0,0.03579254930606282,684.5,1
86cbfbc8642a5d4c3c8dff0c59d9fc36f1fa2843,1,0.0,5,1,164,0,0,0.03658536585365853,164.0,0
612e41950ca5f70df58ed07499003e092a27b325,2,0.6373874992221911,62,0,0,0,0,62.0,0.0,0
5bee7e3b45984b7119b97f9cc48c879466c18064,1,0.0,10,1,52,0,0,0.21153846153846154,52.0,0
792c6f6a9c423a58f4d5e812999e7c69da157f84,1,0.0,13,3,61,0,0,0.26229508196721313,61.0,0
45bd72c15df1bdeae561ff25f0fd1827e405431a,3,0.8364770652934059,20,3,1463,0,0,0.015721120984278882,487.66666666666674,0
c1a789a70c1a9d0a055a9d1756597beeeab95a02,2,1.0,34,0,81,0,0,0.41975308641975306,40.5,0
1ca8933a8ffeae7be679668e71a64bbb9da0a121,1,0.0,1,1,923,1,0,0.002166847237269773,923.0,0
d833c2d8de86be697bbc1e9a416736cefafcf320,1,0.0,49,2,88,0,0,0.5795454545454546,88.0,0
5ae6a66e38518ea97a81bd475df6ebadaf982095,1,0.0,6,3,135,0,0,0.06666666666666668,135.0,0
c044eb14dd388da8f9a570d8b1f79d1952d42e95,1,0.0,1,1,138,0,0,0.014492753623188406,138.0,0
9a81b40334ff2eba531478d013654c5d1b12ad24,1,0.0,2,4,138,0,0,0.043478260869565216,138.0,0
56be31e7a83223162a29e51f2daaa9eb9ad2de3c,2,1.0,16,0,1409,0,0,0.0113555713271824,704.5,0
dfa651e7777f9bd3bb7b8b8f80cac6af90b2ac45,1,0.0,5,1,275,0,0,0.02181818181818182,275.0,0
16a86d73df322dc696e0dc38b4fdd49f65175497,1,0.0,4,1,279,0,0,0.017921146953405017,279.0,0
7627d40d1047ea9804cb28cc7c2e096adf132c2d,2,0.9999115989666624,188,83,1425,0,0,0.1901754385964912,712.5,0
42e0944708570b5bb34fa4c9a3fa461279520d34,1,0.0,17,3,318,0,0,0.06289308176100629,318.0,0
93704371bb3dca6ebe1a057a148b19c140615392,1,0.0,2,1,282,0,0,0.010638297872340424,282.0,0
09d37e59b8620234d0fbb07dc71216b96692346b,2,0.8478617451660526,26,25,628,0,0,0.08121019108280254,314.0,0
abf2963bbe5e5c8ca8504c438c0765595473f8e1,2,0.9999115989666624,83,188,1530,0,0,0.17712418300653596,765.0,0
3890bfae5224eca7a1e972c291168e1823181ec2,2,0.999981029567858,148,47,1425,0,0,0.1368421052631579,712.5,0
0c157cae75fdd89914c53b56a8bb385144931452,1,0.0,8,9,154,0,0,0.11038961038961037,154.0,0
45a7decba4f2d606bf6df9028a11dc7955079f01,2,0.999981029567858,47,148,1526,0,0,0.12778505897771952,763.0,0
91107e3e823c0e8ac5ae9ea8a018b3eb421792f0,1,0.0,8,6,941,0,0,0.01487778958554729,941.0,0
7232a95c0bb3319edb20787430afe0fcd70d7c22,1,0.0,2,0,941,0,0,0.0021253985122210413,941.0,0
7851e9b2e8cd934e8b6071532664fb096ec65e20,1,0.0,6,3,943,0,0,0.009544008483563095,943.0,0
2f2cd4dfc5f3dfcee30e5d8fae54ff2954e7b107,1,0.0,26,13,943,1,0,0.041357370095440084,943.0,0
a2d3b59394d62074debc4903e46c3aa97179172e,2,0.345117314944953,56,6,629,0,0,0.0985691573926868,314.5,1
34652a87061f2e71321d1175724c162a62b00239,1,0.0,28,4,350,0,0,0.09142857142857144,350.0,0
c11e09959c546740963c0b8627f815b9f29c941e,1,0.0,4,4,374,0,0,0.0213903743315508,374.0,1
f58a0f468475b0277a123dbe44fedbefbdb993c9,1,0.0,6,6,374,0,0,0.032085561497326213,374.0,1
adb0478f66042bb35fcaad020fc76f7e1a5b6acd,1,0.0,2,2,329,0,0,0.0121580547112462,329.0,1
fb1db9341ecd4173503f65e0d6309c1e1aca0a5e,1,0.0,13,1,374,0,0,0.0374331550802139,374.0,0
e477d7002b71afdf997a2d4e19a0814ca75cb0c0,1,0.0,3,3,386,0,0,0.015544041450777204,386.0,1
93ffca36c357c489cc283ecc2a103281b8b73037,1,0.0,5,5,386,0,0,0.02590673575129533,386.0,0
e0616a129e113b55e59f7d1fef759d87e240a244,1,0.0,1,1,136,0,0,0.014705882352941175,136.0,0
eb806f4c14a1ec98045cfde56fcf1079ebc727c0,2,0.9852281360342516,4,3,1042,0,0,0.00671785028790787,521.0,0
9e0fc5e6804b205ba907e819028ff6c31d6907e8,2,1.0,16,6,1445,0,0,0.015224913494809691,722.5,1
2917104b5377a1a7ee4a5a2eb2487457d78dd71c,1,0.0,1,1,489,1,0,0.00408997955010225,489.0,0
c870094f691e7b9e690111ed780a6e5d73a6fa68,6,0.8045542052998462,51,39,2157,0,0,0.04172461752433936,359.5,1
4865f51dd517e4ef78051fce2c5c24bdaa7cc3e6,1,0.0,2,2,975,0,0,0.004102564102564103,975.0,0
a8d4e4734fe499a832527e333473daad61416f8c,1,0.0,86,19,966,0,0,0.10869565217391304,966.0,0
bd4b180f4e6aae77dc2e49742dc699683edc93c3,1,0.0,2,2,1033,0,0,0.0038722168441432717,1033.0,0
c46774cf1314a0a1e640374b20006594e014e9a9,2,0.9654987933324004,175,27,1522,0,0,0.13272010512483573,761.0,0
fcdb8671b28eb74964d86ee53a9f96a81cd5423e,1,0.0,3,0,590,0,0,0.005084745762711864,590.0,0
382f62e78158b869169a7646e8b2e3ff05a7cf3d,1,0.0,17,11,1080,0,0,0.025925925925925925,1080.0,0
c28a2bdf394a0a950aea82607d539749a9bb9c7e,1,0.0,16,4,1086,0,0,0.01841620626151013,1086.0,0
1ab5260a7a1041c56f1aafec56768184bcc1dd70,2,0.9143242464317819,68,17,1691,0,0,0.05026611472501479,845.5,0
a7f8ff24df65578ae966d4d12d92218bb3909984,1,0.0,8,14,1129,0,0,0.019486271036315318,1129.0,0
849b392c01f60306d63909e0e5cb9e1ccd0e14af,2,0.5665095065529053,29,16,1736,0,0,0.025921658986175114,868.0,0
04d6e83fc215001decb989a9223ac7c983383e8f,1,0.0,8,8,617,0,0,0.02593192868719611,617.0,0
4f5bf16676ef3ca113b8145790fd486446756764,7,0.8838369967887572,71,82,2651,0,0,0.05771407016220295,378.71428571428567,1
237bf0adb6c065850d0a474e7c07357cde0fe301,1,0.0,5,5,283,0,0,0.0353356890459364,283.0,0
ad6bdd715de0ee3c007257a6709b3b14e193ce3f,2,0.9975025463691152,26,8,1761,0,0,0.01930721181147076,880.5,0
9c092753b0dce6ee96a9bd21060c3544d42191e4,3,0.8693978806749072,13,6,1807,0,0,0.010514665190924184,602.3333333333334,0
3645f91b551e2806e007e5f0dbeb0cca8f493e42,1,0.0,4,2,628,0,0,0.009554140127388536,628.0,0
2fbe4d96cf8baec65da1518331eeee409ad80de9,1,0.0,4,2,1140,0,0,0.005263157894736842,1140.0,0
e7e6ed9205b7aa127a70d3cf4e0275e7dc3d4f8b,3,0.5390862393098125,62,44,708,0,0,0.1497175141242938,236.0,0
52845366bd4f6ae6a947aea5169d682679f6914a,1,0.0,36,16,298,0,0,0.17449664429530198,298.0,0
16baa323cff49ff9000bc7aa0a90791be84d5627,1,0.0,1,1,318,0,0,0.006289308176100629,318.0,0
e8b1b66888f95341b629aa6667b2820823a1ca2f,9,0.8338131387916918,133,91,2580,0,0,0.08682170542635659,286.6666666666667,0
3997a90d584e2f2cd0fea9e514b2b8984b835c0f,1,0.0,1,1,45,0,0,0.04444444444444445,45.0,0
643b25140f84231667683b8c8179eb1809b710cb,1,0.0,29,26,1152,0,0,0.04774305555555555,1152.0,0
a129ebe8e47df8121fdc3f37801610f682d57ae5,1,0.0,13,3,1155,0,0,0.013852813852813851,1155.0,0
7fed0230806031033eaeda8ed1a2851103b91fee,1,0.0,9,1,1165,0,0,0.008583690987124462,1165.0,0
7d8353401ad0943a00423cb4f3e7d71a4b6a162f,1,0.0,1,0,1173,0,0,0.0008525149190110827,1173.0,0
f177c972589463674c4e3883a494cf4c1f186721,1,0.0,4,4,1174,0,0,0.0068143100511073255,1174.0,0
2e0a8137bd911736ded8bda32c07203a0a97e9a6,1,0.0,0,1,1174,0,0,0.0008517887563884157,1174.0,0
de855c50aa4435fa54510e299e10c1481ef59ea0,3,0.7170373646436594,26,34,961,1,0,0.062434963579604576,320.3333333333333,0
ed8745cd634f3276b7f7bef4bf0f49987c83256d,1,0.0,12,2,638,0,0,0.0219435736677116,638.0,0
18952b5ac0a0497378ae1462a8780b332d3cd859,1,0.0,3,3,648,0,0,0.009259259259259259,648.0,0
4a4b2db8c113e5843d9a1e7221cdb4ad75d0f0c2,2,1.0,2,2,1778,1,0,0.002249718785151856,889.0,0
7073bc8c47aa26fe97e3ad6d545f7c7d843cb3a7,2,0.5665095065529053,21,9,669,0,0,0.044843049327354265,334.5,0
b63b976acb140e6e0142a9e1cceae89102a7dccd,2,0.8944518845341284,40,50,1778,0,0,0.05061867266591676,889.0,0
74b9a60f98b352a15581d98018a8a5d3318308aa,3,0.7268090442268749,170,25,1130,0,0,0.17256637168141592,376.66666666666674,0
a509a28ed47a5a31e0981a6de3949a7b46c5aa4a,1,0.0,7,10,1219,0,0,0.01394585726004922,1219.0,0
2362c930d19f33571de851bfa842cb7d0787ccb5,1,0.0,15,3,143,0,0,0.1258741258741259,143.0,0
ca9df045394d36c2760db6f43f2244d81ef2164b,2,0.987885353044918,67,18,401,0,0,0.2119700748129676,200.5,1
a6284df9c7dde5ba4b2e803e6538ef83b4406ab7,1,0.0,1,1,206,0,0,0.009708737864077669,206.0,0
a490ebdb7852768364a9e577f89c3871c4d3392c,1,0.0,6,0,1212,0,0,0.0049504950495049506,1212.0,0
05074386d3582e9ea98148eaf6fd44eeaca964da,5,0.9473898155402104,18,19,2750,0,0,0.013454545454545457,550.0,0
7cad4c3b262f2bb052f6c813f725b74285dce871,3,0.9372305632161296,10,10,890,0,0,0.02247191011235955,296.6666666666667,0
a63fa0306213e835c21cc7432220394ed2798d2d,3,0.7889492894873912,42,78,2065,0,0,0.05811138014527845,688.3333333333335,0
bc347d2c19311db90925f187f6b6a5ae422e3af2,4,0.9182958340544894,4,5,1239,0,0,0.007263922518159807,309.75,0
71c6dd1e341f72a54dc360dfa23860ad94730650,1,0.0,3,3,202,0,0,0.0297029702970297,202.0,0
34cfe6df14d80bc9015e07257373b81b6f47afa5,2,0.999156709057156,52,182,1826,0,0,0.12814895947426067,913.0,0
19e9bb6c07f026e2377521c3b144c66d13612b8d,1,0.0,3,1,318,0,0,0.012578616352201259,318.0,0
d5b278539ed00302048d9c9f4df5f4282bd0e34d,2,0.9994730201859836,28,9,450,0,0,0.08222222222222222,225.0,1
4d451468fdc246e0a2cc3b9656a0a138808b35b1,1,0.0,3,3,170,0,0,0.035294117647058816,170.0,0
f63d21fd13cd76e005247b7676be632d3e856435,2,0.9709505944546686,5,5,1311,0,0,0.007627765064836003,655.5,0
328e7d89447c3638676d7b01d59abbb19493c9c1,1,0.0,1,0,280,1,0,0.0035714285714285718,280.0,0
e9c27ab376ac4f253d7fafd26a62dcddc19e52c8,2,0.9912816166382368,130,43,1696,0,0,0.10200471698113207,848.0,0
223e328161f5d52fdc66935e3dbb7ff819ff8b73,1,0.0,2,2,1196,0,0,0.0033444816053511705,1196.0,0
4990c3a180e0a2e866b13db21f04139a48b5a6d6,3,0.9262621550953116,25,26,2208,1,0,0.02309782608695652,736.0,0
e62d763294cc5a7c28425a48ac72e9aad83e65d4,2,1.0,6,6,1783,0,0,0.006730229949523275,891.5,0
6f068012966fcb5c460b9f3568107c65edd08e89,2,1.0,34,0,17,0,0,2.0,8.5,0
b4a75c7bf832b429c22f8e77556418f9bb425464,1,0.0,31,26,103,0,0,0.5533980582524272,103.0,0
d334b58f45541d6435a7816d0136c0427af539cc,1,0.0,29,5,108,0,0,0.3148148148148148,108.0,0
6029dece41229533f90ce9a082a28c989ec9268c,1,0.0,2,1,132,0,0,0.022727272727272728,132.0,0
56d33b806139ac5d69b1b7ff00952f01605e09ed,2,0.9827184823459942,84,39,1620,0,0,0.07592592592592592,810.0,0
d088cf014e42b75b92d932adac1645840548c76d,1,0.0,7,0,587,0,0,0.01192504258943782,587.0,0
aa0a5a7245d0a3d8650e66881d4274eb56928d87,1,0.0,27,13,594,0,0,0.06734006734006734,594.0,0
e18f42becc0e87ef067b014dd245b9453a2d7811,1,0.0,1,1,281,0,0,0.007117437722419929,281.0,0
5a31f9ef5f571a77292a8dfadaa3bbea9d4cd6a6,2,0.7812812090702046,55,14,505,0,0,0.13663366336633664,252.5,0
86e136afc92ece41e18243cccddcb8d47c616e90,1,0.0,1,1,608,0,0,0.003289473684210526,608.0,0
f1d354ce7be0a7ca3e7e338afbc4daa6de6e8950,1,0.0,1,0,608,0,0,0.001644736842105263,608.0,0
